#,Type 1,Type 2,HP,Attack,Defense,Sp. Atk,Sp. Def,Speed,Generation,Legendary,Total
1,Grass,Poison,45,49,49,65,65,45,1,False,274
2,Grass,Poison,60,62,63,80,80,60,1,False,346
3,Grass,Poison,80,82,83,100,100,80,1,False,446
3,Grass,Poison,80,100,123,122,120,80,1,False,546
4,Fire,,39,52,43,60,50,65,1,False,271
5,Fire,,58,64,58,80,65,80,1,False,348
6,Fire,Flying,78,84,78,109,85,100,1,False,457
6,Fire,Dragon,78,130,111,130,85,100,1,False,557
6,Fire,Flying,78,104,78,159,115,100,1,False,557
7,Water,,44,48,65,50,64,43,1,False,271
8,Water,,59,63,80,65,80,58,1,False,347
9,Water,,79,83,100,85,105,78,1,False,452
9,Water,,79,103,120,135,115,78,1,False,552
10,Bug,,45,30,35,20,20,45,1,False,151
11,Bug,,50,20,55,25,25,30,1,False,156
12,Bug,Flying,60,45,50,90,80,70,1,False,336
13,Bug,Poison,40,35,30,20,20,50,1,False,156
14,Bug,Poison,45,25,50,25,25,35,1,False,161
15,Bug,Poison,65,90,40,45,80,75,1,False,331
15,Bug,Poison,65,150,40,15,80,145,1,False,431
16,Normal,Flying,40,45,40,35,35,56,1,False,212
17,Normal,Flying,63,60,55,50,50,71,1,False,287
18,Normal,Flying,83,80,75,70,70,101,1,False,397
18,Normal,Flying,83,80,80,135,80,121,1,False,497
19,Normal,,30,56,35,25,35,72,1,False,224
20,Normal,,55,81,60,50,70,97,1,False,359
21,Normal,Flying,40,60,30,31,31,70,1,False,223
22,Normal,Flying,65,90,65,61,61,100,1,False,378
23,Poison,,35,60,44,40,54,55,1,False,254
24,Poison,,60,85,69,65,79,80,1,False,379
25,Electric,,35,55,40,50,50,90,1,False,286
26,Electric,,60,90,55,90,80,110,1,False,426
27,Ground,,50,75,85,20,30,40,1,False,251
28,Ground,,75,100,110,45,55,65,1,False,376
29,Poison,,55,47,52,40,40,41,1,False,221
30,Poison,,70,62,67,55,55,56,1,False,296
31,Poison,Ground,90,92,87,75,85,76,1,False,416
32,Poison,,46,57,40,40,40,50,1,False,228
33,Poison,,61,72,57,55,55,65,1,False,305
34,Poison,Ground,81,102,77,85,75,85,1,False,425
35,Fairy,,70,45,48,60,65,35,1,False,254
36,Fairy,,95,70,73,95,90,60,1,False,389
37,Fire,,38,41,40,50,65,65,1,False,262
38,Fire,,73,76,75,81,100,100,1,False,433
39,Normal,Fairy,115,45,20,45,25,20,1,False,156
40,Normal,Fairy,140,70,45,85,50,45,1,False,296
41,Poison,Flying,40,45,35,30,40,55,1,False,206
42,Poison,Flying,75,80,70,65,75,90,1,False,381
43,Grass,Poison,45,50,55,75,65,30,1,False,276
44,Grass,Poison,60,65,70,85,75,40,1,False,336
45,Grass,Poison,75,80,85,110,90,50,1,False,416
46,Bug,Grass,35,70,55,45,55,25,1,False,251
47,Bug,Grass,60,95,80,60,80,30,1,False,346
48,Bug,Poison,60,55,50,40,55,45,1,False,246
49,Bug,Poison,70,65,60,90,75,90,1,False,381
50,Ground,,10,55,25,35,45,95,1,False,256
51,Ground,,35,80,50,50,70,120,1,False,371
52,Normal,,40,45,35,40,40,90,1,False,251
53,Normal,,65,70,60,65,65,115,1,False,376
54,Water,,50,52,48,65,50,55,1,False,271
55,Water,,80,82,78,95,80,85,1,False,421
56,Fighting,,40,80,35,35,45,70,1,False,266
57,Fighting,,65,105,60,60,70,95,1,False,391
58,Fire,,55,70,45,70,50,60,1,False,296
59,Fire,,90,110,80,100,80,95,1,False,466
60,Water,,40,50,40,40,40,90,1,False,261
61,Water,,65,65,65,50,50,90,1,False,321
62,Water,Fighting,90,95,95,70,90,70,1,False,421
63,Psychic,,25,20,15,105,55,90,1,False,286
64,Psychic,,40,35,30,120,70,105,1,False,361
65,Psychic,,55,50,45,135,95,120,1,False,446
65,Psychic,,55,50,65,175,95,150,1,False,536
66,Fighting,,70,80,50,35,35,35,1,False,236
67,Fighting,,80,100,70,50,60,45,1,False,326
68,Fighting,,90,130,80,65,85,55,1,False,416
69,Grass,Poison,50,75,35,70,30,40,1,False,251
70,Grass,Poison,65,90,50,85,45,55,1,False,326
71,Grass,Poison,80,105,65,100,70,70,1,False,411
72,Water,Poison,40,40,35,50,100,70,1,False,296
73,Water,Poison,80,70,65,80,120,100,1,False,436
74,Rock,Ground,40,80,100,30,30,20,1,False,261
75,Rock,Ground,55,95,115,45,45,35,1,False,336
76,Rock,Ground,80,120,130,55,65,45,1,False,416
77,Fire,,50,85,55,65,65,90,1,False,361
78,Fire,,65,100,70,80,80,105,1,False,436
79,Water,Psychic,90,65,65,40,40,15,1,False,226
80,Water,Psychic,95,75,110,100,80,30,1,False,396
80,Water,Psychic,95,75,180,130,80,30,1,False,496
81,Electric,Steel,25,35,70,95,55,45,1,False,301
82,Electric,Steel,50,60,95,120,70,70,1,False,416
83,Normal,Flying,52,65,55,58,62,60,1,False,301
84,Normal,Flying,35,85,45,35,35,75,1,False,276
85,Normal,Flying,60,110,70,60,60,100,1,False,401
86,Water,,65,45,55,45,70,45,1,False,261
87,Water,Ice,90,70,80,70,95,70,1,False,386
88,Poison,,80,80,50,40,50,25,1,False,246
89,Poison,,105,105,75,65,100,50,1,False,396
90,Water,,30,65,100,45,25,40,1,False,276
91,Water,Ice,50,95,180,85,45,70,1,False,476
92,Ghost,Poison,30,35,30,100,35,80,1,False,281
93,Ghost,Poison,45,50,45,115,55,95,1,False,361
94,Ghost,Poison,60,65,60,130,75,110,1,False,441
94,Ghost,Poison,60,65,80,170,95,130,1,False,541
95,Rock,Ground,35,45,160,30,45,70,1,False,351
96,Psychic,,60,48,45,43,90,42,1,False,269
97,Psychic,,85,73,70,73,115,67,1,False,399
98,Water,,30,105,90,25,25,50,1,False,296
99,Water,,55,130,115,50,50,75,1,False,421
100,Electric,,40,30,50,55,55,100,1,False,291
101,Electric,,60,50,70,80,80,140,1,False,421
102,Grass,Psychic,60,40,80,60,45,40,1,False,266
103,Grass,Psychic,95,95,85,125,65,55,1,False,426
104,Ground,,50,50,95,40,50,35,1,False,271
105,Ground,,60,80,110,50,80,45,1,False,366
106,Fighting,,50,120,53,35,110,87,1,False,406
107,Fighting,,50,105,79,35,110,76,1,False,406
108,Normal,,90,55,75,60,75,30,1,False,296
109,Poison,,40,65,95,60,45,35,1,False,301
110,Poison,,65,90,120,85,70,60,1,False,426
111,Ground,Rock,80,85,95,30,30,25,1,False,266
112,Ground,Rock,105,130,120,45,45,40,1,False,381
113,Normal,,250,5,5,35,105,50,1,False,201
114,Grass,,65,55,115,100,40,60,1,False,371
115,Normal,,105,95,80,40,80,90,1,False,386
115,Normal,,105,125,100,60,100,100,1,False,486
116,Water,,30,40,70,70,25,60,1,False,266
117,Water,,55,65,95,95,45,85,1,False,386
118,Water,,45,67,60,35,50,63,1,False,276
119,Water,,80,92,65,65,80,68,1,False,371
120,Water,,30,45,55,70,55,85,1,False,311
121,Water,Psychic,60,75,85,100,85,115,1,False,461
122,Psychic,Fairy,40,45,65,100,120,90,1,False,421
123,Bug,Flying,70,110,80,55,80,105,1,False,431
124,Ice,Psychic,65,50,35,115,95,95,1,False,391
125,Electric,,65,83,57,95,85,105,1,False,426
126,Fire,,65,95,57,100,85,93,1,False,431
127,Bug,,65,125,100,55,70,85,1,False,436
127,Bug,Flying,65,155,120,65,90,105,1,False,536
128,Normal,,75,100,95,40,70,110,1,False,416
129,Water,,20,10,55,15,20,80,1,False,181
130,Water,Flying,95,125,79,60,100,81,1,False,446
130,Water,Dark,95,155,109,70,130,81,1,False,546
131,Water,Ice,130,85,80,85,95,60,1,False,406
132,Normal,,48,48,48,48,48,48,1,False,241
133,Normal,,55,55,50,45,65,55,1,False,271
134,Water,,130,65,60,110,95,65,1,False,396
135,Electric,,65,65,60,110,95,130,1,False,461
136,Fire,,65,130,60,95,110,65,1,False,461
137,Normal,,65,60,70,85,75,40,1,False,331
138,Rock,Water,35,40,100,90,55,35,1,False,321
139,Rock,Water,70,60,125,115,70,55,1,False,426
140,Rock,Water,30,80,90,55,45,55,1,False,326
141,Rock,Water,60,115,105,65,70,80,1,False,436
142,Rock,Flying,80,105,65,60,75,130,1,False,436
142,Rock,Flying,80,135,85,70,95,150,1,False,536
143,Normal,,160,110,65,65,110,30,1,False,381
144,Ice,Flying,90,85,100,95,125,85,1,True,491
145,Electric,Flying,90,90,85,125,90,100,1,True,491
146,Fire,Flying,90,100,90,125,85,90,1,True,491
147,Dragon,,41,64,45,50,50,50,1,False,260
148,Dragon,,61,84,65,70,70,70,1,False,360
149,Dragon,Flying,91,134,95,100,100,80,1,False,510
150,Psychic,,106,110,90,154,90,130,1,True,575
150,Psychic,Fighting,106,190,100,154,100,130,1,True,675
150,Psychic,,106,150,70,194,120,140,1,True,675
151,Psychic,,100,100,100,100,100,100,1,False,501
152,Grass,,45,49,65,49,65,45,2,False,275
153,Grass,,60,62,80,63,80,60,2,False,347
154,Grass,,80,82,100,83,100,80,2,False,447
155,Fire,,39,52,43,60,50,65,2,False,272
156,Fire,,58,64,58,80,65,80,2,False,349
157,Fire,,78,84,78,109,85,100,2,False,458
158,Water,,50,65,64,44,48,43,2,False,266
159,Water,,65,80,80,59,63,58,2,False,342
160,Water,,85,105,100,79,83,78,2,False,447
161,Normal,,35,46,34,35,45,20,2,False,182
162,Normal,,85,76,64,45,55,90,2,False,332
163,Normal,Flying,60,30,30,36,56,50,2,False,204
164,Normal,Flying,100,50,50,76,96,70,2,False,344
165,Bug,Flying,40,20,30,40,80,55,2,False,227
166,Bug,Flying,55,35,50,55,110,85,2,False,337
167,Bug,Poison,40,60,40,40,40,30,2,False,212
168,Bug,Poison,70,90,70,60,60,40,2,False,322
169,Poison,Flying,85,90,80,70,80,130,2,False,452
170,Water,Electric,75,38,38,56,56,67,2,False,257
171,Water,Electric,125,58,58,76,76,67,2,False,337
172,Electric,,20,40,15,35,35,60,2,False,187
173,Fairy,,50,25,28,45,55,15,2,False,170
174,Normal,Fairy,90,30,15,40,20,15,2,False,122
175,Fairy,,35,20,65,40,65,20,2,False,212
176,Fairy,Flying,55,40,85,80,105,40,2,False,352
177,Psychic,Flying,40,50,45,70,45,70,2,False,282
178,Psychic,Flying,65,75,70,95,70,95,2,False,407
179,Electric,,55,40,40,65,45,35,2,False,227
180,Electric,,70,55,55,80,60,45,2,False,297
181,Electric,,90,75,85,115,90,55,2,False,422
181,Electric,Dragon,90,95,105,165,110,45,2,False,522
182,Grass,,75,80,95,90,100,50,2,False,417
183,Water,Fairy,70,20,50,20,50,40,2,False,182
184,Water,Fairy,100,50,80,60,80,50,2,False,322
185,Rock,,70,100,115,30,65,30,2,False,342
186,Water,,90,75,75,90,100,70,2,False,412
187,Grass,Flying,35,35,40,35,55,50,2,False,217
188,Grass,Flying,55,45,50,45,65,80,2,False,287
189,Grass,Flying,75,55,70,55,95,110,2,False,387
190,Normal,,55,70,55,40,55,85,2,False,307
191,Grass,,30,30,30,30,30,30,2,False,152
192,Grass,,75,75,55,105,85,30,2,False,352
193,Bug,Flying,65,65,45,75,45,95,2,False,327
194,Water,Ground,55,45,45,25,25,15,2,False,157
195,Water,Ground,95,85,85,65,65,35,2,False,337
196,Psychic,,65,65,60,130,95,110,2,False,462
197,Dark,,95,65,110,60,130,65,2,False,432
198,Dark,Flying,60,85,42,85,42,91,2,False,347
199,Water,Psychic,95,75,80,100,110,30,2,False,397
200,Ghost,,60,60,60,85,85,85,2,False,377
201,Psychic,,48,72,48,72,48,48,2,False,290
202,Psychic,,190,33,58,33,58,33,2,False,217
203,Normal,Psychic,70,80,65,90,65,85,2,False,387
204,Bug,,50,65,90,35,35,15,2,False,242
205,Bug,Steel,75,90,140,60,60,40,2,False,392
206,Normal,,100,70,70,65,65,45,2,False,317
207,Ground,Flying,65,75,105,35,65,85,2,False,367
208,Steel,Ground,75,85,200,55,65,30,2,False,437
208,Steel,Ground,75,125,230,55,95,30,2,False,537
209,Fairy,,60,80,50,40,40,30,2,False,242
210,Fairy,,90,120,75,60,60,45,2,False,362
211,Water,Poison,65,95,75,55,55,85,2,False,367
212,Bug,Steel,70,130,100,55,80,65,2,False,432
212,Bug,Steel,70,150,140,65,100,75,2,False,532
213,Bug,Rock,20,10,230,10,230,5,2,False,487
214,Bug,Fighting,80,125,75,40,95,85,2,False,422
214,Bug,Fighting,80,185,115,40,105,75,2,False,522
215,Dark,Ice,55,95,55,35,75,115,2,False,377
216,Normal,,60,80,50,50,50,40,2,False,272
217,Normal,,90,130,75,75,75,55,2,False,412
218,Fire,,40,40,40,70,40,20,2,False,212
219,Fire,Rock,50,50,120,80,80,30,2,False,362
220,Ice,Ground,50,50,40,30,30,50,2,False,202
221,Ice,Ground,100,100,80,60,60,50,2,False,352
222,Water,Rock,55,55,85,65,85,35,2,False,327
223,Water,,35,65,35,65,35,65,2,False,267
224,Water,,75,105,75,105,75,45,2,False,407
225,Ice,Flying,45,55,45,65,45,75,2,False,287
226,Water,Flying,65,40,70,80,140,70,2,False,402
227,Steel,Flying,65,80,140,40,70,70,2,False,402
228,Dark,Fire,45,60,30,80,50,65,2,False,287
229,Dark,Fire,75,90,50,110,80,95,2,False,427
229,Dark,Fire,75,90,90,140,90,115,2,False,527
230,Water,Dragon,75,95,95,95,95,85,2,False,467
231,Ground,,90,60,60,40,40,40,2,False,242
232,Ground,,90,120,120,60,60,50,2,False,412
233,Normal,,85,80,90,105,95,60,2,False,432
234,Normal,,73,95,62,85,65,85,2,False,394
235,Normal,,55,20,35,20,45,75,2,False,197
236,Fighting,,35,35,35,35,35,35,2,False,177
237,Fighting,,50,95,95,35,110,70,2,False,407
238,Ice,Psychic,45,30,15,85,65,65,2,False,262
239,Electric,,45,63,37,65,55,95,2,False,317
240,Fire,,45,75,37,70,55,83,2,False,322
241,Normal,,95,80,105,40,70,100,2,False,397
242,Normal,,255,10,10,75,135,55,2,False,287
243,Electric,,90,85,75,115,100,115,2,True,492
244,Fire,,115,115,85,90,75,100,2,True,467
245,Water,,100,75,115,90,115,85,2,True,482
246,Rock,Ground,50,64,50,45,50,41,2,False,252
247,Rock,Ground,70,84,70,65,70,51,2,False,342
248,Rock,Dark,100,134,110,95,100,61,2,False,502
248,Rock,Dark,100,164,150,95,120,71,2,False,602
249,Psychic,Flying,106,90,130,90,154,110,2,True,576
250,Fire,Flying,106,130,90,110,154,90,2,True,576
251,Psychic,Grass,100,100,100,100,100,100,2,False,502
252,Grass,,40,45,35,65,55,70,3,False,273
253,Grass,,50,65,45,85,65,95,3,False,358
254,Grass,,70,85,65,105,85,120,3,False,463
254,Grass,Dragon,70,110,75,145,85,145,3,False,563
255,Fire,,45,60,40,70,50,45,3,False,268
256,Fire,Fighting,60,85,60,85,60,55,3,False,348
257,Fire,Fighting,80,120,70,110,70,80,3,False,453
257,Fire,Fighting,80,160,80,130,80,100,3,False,553
258,Water,,50,70,50,50,50,40,3,False,263
259,Water,Ground,70,85,70,60,70,50,3,False,338
260,Water,Ground,100,110,90,85,90,60,3,False,438
260,Water,Ground,100,150,110,95,110,70,3,False,538
261,Dark,,35,55,35,30,30,35,3,False,188
262,Dark,,70,90,70,60,60,70,3,False,353
263,Normal,,38,30,41,30,41,60,3,False,205
264,Normal,,78,70,61,50,61,100,3,False,345
265,Bug,,45,45,35,20,30,20,3,False,153
266,Bug,,50,35,55,25,25,15,3,False,158
267,Bug,Flying,60,70,50,100,50,65,3,False,338
268,Bug,,50,35,55,25,25,15,3,False,158
269,Bug,Poison,60,50,70,50,90,65,3,False,328
270,Water,Grass,40,30,30,40,50,30,3,False,183
271,Water,Grass,60,50,50,60,70,50,3,False,283
272,Water,Grass,80,70,70,90,100,70,3,False,403
273,Grass,,40,40,50,30,30,30,3,False,183
274,Grass,Dark,70,70,40,60,40,60,3,False,273
275,Grass,Dark,90,100,60,90,60,80,3,False,393
276,Normal,Flying,40,55,30,30,30,85,3,False,233
277,Normal,Flying,60,85,60,50,50,125,3,False,373
278,Water,Flying,40,30,30,55,30,85,3,False,233
279,Water,Flying,60,50,100,85,70,65,3,False,373
280,Psychic,Fairy,28,25,25,45,35,40,3,False,173
281,Psychic,Fairy,38,35,35,65,55,50,3,False,243
282,Psychic,Fairy,68,65,65,125,115,80,3,False,453
282,Psychic,Fairy,68,85,65,165,135,100,3,False,553
283,Bug,Water,40,30,32,50,52,65,3,False,232
284,Bug,Flying,70,60,62,80,82,60,3,False,347
285,Grass,,60,40,60,40,60,35,3,False,238
286,Grass,Fighting,60,130,80,60,60,70,3,False,403
287,Normal,,60,60,60,35,35,30,3,False,223
288,Normal,,80,80,80,55,55,90,3,False,363
289,Normal,,150,160,100,95,65,100,3,False,523
290,Bug,Ground,31,45,90,30,30,40,3,False,238
291,Bug,Flying,61,90,45,50,50,160,3,False,398
292,Bug,Ghost,1,90,45,30,30,40,3,False,238
293,Normal,,64,51,23,51,23,28,3,False,179
294,Normal,,84,71,43,71,43,48,3,False,279
295,Normal,,104,91,63,91,73,68,3,False,389
296,Fighting,,72,60,30,20,30,25,3,False,168
297,Fighting,,144,120,60,40,60,50,3,False,333
298,Normal,Fairy,50,20,40,20,40,20,3,False,143
299,Rock,,30,45,135,45,90,30,3,False,348
300,Normal,,50,45,45,35,35,50,3,False,213
301,Normal,,70,65,65,55,55,70,3,False,313
302,Dark,Ghost,50,75,75,65,65,50,3,False,333
302,Dark,Ghost,50,85,125,85,115,20,3,False,433
303,Steel,Fairy,50,85,85,55,55,50,3,False,333
303,Steel,Fairy,50,105,125,55,95,50,3,False,433
304,Steel,Rock,50,70,100,40,40,30,3,False,283
305,Steel,Rock,60,90,140,50,50,40,3,False,373
306,Steel,Rock,70,110,180,60,60,50,3,False,463
306,Steel,,70,140,230,60,80,50,3,False,563
307,Fighting,Psychic,30,40,55,40,55,60,3,False,253
308,Fighting,Psychic,60,60,75,60,75,80,3,False,353
308,Fighting,Psychic,60,100,85,80,85,100,3,False,453
309,Electric,,40,45,40,65,40,65,3,False,258
310,Electric,,70,75,60,105,60,105,3,False,408
310,Electric,,70,75,80,135,80,135,3,False,508
311,Electric,,60,50,40,85,75,95,3,False,348
312,Electric,,60,40,50,75,85,95,3,False,348
313,Bug,,65,73,55,47,75,85,3,False,338
314,Bug,,65,47,55,73,75,85,3,False,338
315,Grass,Poison,50,60,45,100,80,65,3,False,353
316,Poison,,70,43,53,43,53,40,3,False,235
317,Poison,,100,73,83,73,83,55,3,False,370
318,Water,Dark,45,90,20,65,20,65,3,False,263
319,Water,Dark,70,120,40,95,40,95,3,False,393
319,Water,Dark,70,140,70,110,65,105,3,False,493
320,Water,,130,70,35,70,35,60,3,False,273
321,Water,,170,90,45,90,45,60,3,False,333
322,Fire,Ground,60,60,40,65,45,35,3,False,248
323,Fire,Ground,70,100,70,105,75,40,3,False,393
323,Fire,Ground,70,120,100,145,105,20,3,False,493
324,Fire,,70,85,140,85,70,20,3,False,403
325,Psychic,,60,25,35,70,80,60,3,False,273
326,Psychic,,80,45,65,90,110,80,3,False,393
327,Normal,,60,60,60,60,60,60,3,False,303
328,Ground,,45,100,45,45,45,10,3,False,248
329,Ground,Dragon,50,70,50,50,50,70,3,False,293
330,Ground,Dragon,80,100,80,80,80,100,3,False,443
331,Grass,,50,85,40,85,40,35,3,False,288
332,Grass,Dark,70,115,60,115,60,55,3,False,408
333,Normal,Flying,45,40,60,40,75,50,3,False,268
334,Dragon,Flying,75,70,90,70,105,80,3,False,418
334,Dragon,Fairy,75,110,110,110,105,80,3,False,518
335,Normal,,73,115,60,60,60,90,3,False,388
336,Poison,,73,100,60,100,60,65,3,False,388
337,Rock,Psychic,70,55,65,95,85,70,3,False,373
338,Rock,Psychic,70,95,85,55,65,70,3,False,373
339,Water,Ground,50,48,43,46,41,60,3,False,241
340,Water,Ground,110,78,73,76,71,60,3,False,361
341,Water,,43,80,65,50,35,35,3,False,268
342,Water,Dark,63,120,85,90,55,55,3,False,408
343,Ground,Psychic,40,40,55,40,70,55,3,False,263
344,Ground,Psychic,60,70,105,70,120,75,3,False,443
345,Rock,Grass,66,41,77,61,87,23,3,False,292
346,Rock,Grass,86,81,97,81,107,43,3,False,412
347,Rock,Bug,45,95,50,40,50,75,3,False,313
348,Rock,Bug,75,125,100,70,80,45,3,False,423
349,Water,,20,15,20,10,55,80,3,False,183
350,Water,,95,60,79,100,125,81,3,False,448
351,Normal,,70,70,70,70,70,70,3,False,353
352,Normal,,60,90,70,60,120,40,3,False,383
353,Ghost,,44,75,35,63,33,45,3,False,254
354,Ghost,,64,115,65,83,63,65,3,False,394
354,Ghost,,64,165,75,93,83,75,3,False,494
355,Ghost,,20,40,90,30,90,25,3,False,278
356,Ghost,,40,70,130,60,130,25,3,False,418
357,Grass,Flying,99,68,83,72,87,51,3,False,364
358,Psychic,,65,50,70,95,80,65,3,False,363
359,Dark,,65,130,60,75,60,75,3,False,403
359,Dark,,65,150,60,115,60,115,3,False,503
360,Psychic,,95,23,48,23,48,23,3,False,168
361,Ice,,50,50,50,50,50,50,3,False,253
362,Ice,,80,80,80,80,80,80,3,False,403
362,Ice,,80,120,80,120,80,100,3,False,503
363,Ice,Water,70,40,50,55,50,25,3,False,223
364,Ice,Water,90,60,70,75,70,45,3,False,323
365,Ice,Water,110,80,90,95,90,65,3,False,423
366,Water,,35,64,85,74,55,32,3,False,313
367,Water,,55,104,105,94,75,52,3,False,433
368,Water,,55,84,105,114,75,52,3,False,433
369,Water,Rock,100,90,130,45,65,55,3,False,388
370,Water,,43,30,55,40,65,97,3,False,290
371,Dragon,,45,75,60,40,30,50,3,False,258
372,Dragon,,65,95,100,60,50,50,3,False,358
373,Dragon,Flying,95,135,80,110,80,100,3,False,508
373,Dragon,Flying,95,145,130,120,90,120,3,False,608
374,Steel,Psychic,40,55,80,35,60,30,3,False,263
375,Steel,Psychic,60,75,100,55,80,50,3,False,363
376,Steel,Psychic,80,135,130,95,90,70,3,False,523
376,Steel,Psychic,80,145,150,105,110,110,3,False,623
377,Rock,,80,100,200,50,100,50,3,True,503
378,Ice,,80,50,100,100,200,50,3,True,503
379,Steel,,80,75,150,75,150,50,3,True,503
380,Dragon,Psychic,80,80,90,110,130,110,3,True,523
380,Dragon,Psychic,80,100,120,140,150,110,3,True,623
381,Dragon,Psychic,80,90,80,130,110,110,3,True,523
381,Dragon,Psychic,80,130,100,160,120,110,3,True,623
382,Water,,100,100,90,150,140,90,3,True,573
382,Water,,100,150,90,180,160,90,3,True,673
383,Ground,,100,150,140,100,90,90,3,True,573
383,Ground,Fire,100,180,160,150,90,90,3,True,673
384,Dragon,Flying,105,150,90,150,90,95,3,True,578
384,Dragon,Flying,105,180,100,180,100,115,3,True,678
385,Steel,Psychic,100,100,100,100,100,100,3,True,503
386,Psychic,,50,150,50,150,50,150,3,True,553
386,Psychic,,50,180,20,180,20,150,3,True,553
386,Psychic,,50,70,160,70,160,90,3,True,553
386,Psychic,,50,95,90,95,90,180,3,True,553
387,Grass,,55,68,64,45,55,31,4,False,267
388,Grass,,75,89,85,55,65,36,4,False,334
389,Grass,Ground,95,109,105,75,85,56,4,False,434
390,Fire,,44,58,44,58,44,61,4,False,269
391,Fire,Fighting,64,78,52,78,52,81,4,False,345
392,Fire,Fighting,76,104,71,104,71,108,4,False,462
393,Water,,53,51,53,61,56,40,4,False,265
394,Water,,64,66,68,81,76,50,4,False,345
395,Water,Steel,84,86,88,111,101,60,4,False,450
396,Normal,Flying,40,55,30,30,30,60,4,False,209
397,Normal,Flying,55,75,50,40,40,80,4,False,289
398,Normal,Flying,85,120,70,50,60,100,4,False,404
399,Normal,,59,45,40,35,40,31,4,False,195
400,Normal,Water,79,85,60,55,60,71,4,False,335
401,Bug,,37,25,41,25,41,25,4,False,161
402,Bug,,77,85,51,55,51,65,4,False,311
403,Electric,,45,65,34,40,34,45,4,False,222
404,Electric,,60,85,49,60,49,60,4,False,307
405,Electric,,80,120,79,95,79,70,4,False,447
406,Grass,Poison,40,30,35,50,70,55,4,False,244
407,Grass,Poison,60,70,65,125,105,90,4,False,459
408,Rock,,67,125,40,30,30,58,4,False,287
409,Rock,,97,165,60,65,50,58,4,False,402
410,Rock,Steel,30,42,118,42,88,30,4,False,324
411,Rock,Steel,60,52,168,47,138,30,4,False,439
412,Bug,,40,29,45,29,45,36,4,False,188
413,Bug,Grass,60,59,85,79,105,36,4,False,368
413,Bug,Ground,60,79,105,59,85,36,4,False,368
413,Bug,Steel,60,69,95,69,95,36,4,False,368
414,Bug,Flying,70,94,50,94,50,66,4,False,358
415,Bug,Flying,30,30,42,30,42,70,4,False,218
416,Bug,Flying,70,80,102,80,102,40,4,False,408
417,Electric,,60,45,70,45,90,95,4,False,349
418,Water,,55,65,35,60,30,85,4,False,279
419,Water,,85,105,55,85,50,115,4,False,414
420,Grass,,45,35,45,62,53,35,4,False,234
421,Grass,,70,60,70,87,78,85,4,False,384
422,Water,,76,48,48,57,62,34,4,False,253
423,Water,Ground,111,83,68,92,82,39,4,False,368
424,Normal,,75,100,66,60,66,115,4,False,411
425,Ghost,Flying,90,50,34,60,44,70,4,False,262
426,Ghost,Flying,150,80,44,90,54,80,4,False,352
427,Normal,,55,66,44,44,56,85,4,False,299
428,Normal,,65,76,84,54,96,105,4,False,419
428,Normal,Fighting,65,136,94,54,96,135,4,False,519
429,Ghost,,60,60,60,105,105,105,4,False,439
430,Dark,Flying,100,125,52,105,52,71,4,False,409
431,Normal,,49,55,42,42,37,85,4,False,265
432,Normal,,71,82,64,64,59,112,4,False,385
433,Psychic,,45,30,50,65,50,45,4,False,244
434,Poison,Dark,63,63,47,41,41,74,4,False,270
435,Poison,Dark,103,93,67,71,61,84,4,False,380
436,Steel,Psychic,57,24,86,24,86,23,4,False,247
437,Steel,Psychic,67,89,116,79,116,33,4,False,437
438,Rock,,50,80,95,10,45,10,4,False,244
439,Psychic,Fairy,20,25,45,70,90,60,4,False,294
440,Normal,,100,5,5,15,65,30,4,False,124
441,Normal,Flying,76,65,45,92,42,91,4,False,339
442,Ghost,Dark,50,92,108,92,108,35,4,False,439
443,Dragon,Ground,58,70,45,40,45,42,4,False,246
444,Dragon,Ground,68,90,65,50,55,82,4,False,346
445,Dragon,Ground,108,130,95,80,85,102,4,False,496
445,Dragon,Ground,108,170,115,120,95,92,4,False,596
446,Normal,,135,85,40,40,85,5,4,False,259
447,Fighting,,40,70,40,35,40,60,4,False,249
448,Fighting,Steel,70,110,70,115,70,90,4,False,459
448,Fighting,Steel,70,145,88,140,70,112,4,False,559
449,Ground,,68,72,78,38,42,32,4,False,266
450,Ground,,108,112,118,68,72,47,4,False,421
451,Poison,Bug,40,50,90,30,55,65,4,False,294
452,Poison,Dark,70,90,110,60,75,95,4,False,434
453,Poison,Fighting,48,61,40,61,40,50,4,False,256
454,Poison,Fighting,83,106,65,86,65,85,4,False,411
455,Grass,,74,100,72,90,72,46,4,False,384
456,Water,,49,49,56,49,61,66,4,False,285
457,Water,,69,69,76,69,86,91,4,False,395
458,Water,Flying,45,20,50,60,120,50,4,False,304
459,Grass,Ice,60,62,50,62,60,40,4,False,278
460,Grass,Ice,90,92,75,92,85,60,4,False,408
460,Grass,Ice,90,132,105,132,105,30,4,False,508
461,Dark,Ice,70,120,65,45,85,125,4,False,444
462,Electric,Steel,70,70,115,130,90,60,4,False,469
463,Normal,,110,85,95,80,95,50,4,False,409
464,Ground,Rock,115,140,130,55,55,40,4,False,424
465,Grass,,100,100,125,110,50,50,4,False,439
466,Electric,,75,123,67,95,85,95,4,False,469
467,Fire,,75,95,67,125,95,83,4,False,469
468,Fairy,Flying,85,50,95,120,115,80,4,False,464
469,Bug,Flying,86,76,86,116,56,95,4,False,433
470,Grass,,65,110,130,60,65,95,4,False,464
471,Ice,,65,60,110,130,95,65,4,False,464
472,Ground,Flying,75,95,125,45,75,95,4,False,439
473,Ice,Ground,110,130,80,70,60,80,4,False,424
474,Normal,,85,80,70,135,75,90,4,False,454
475,Psychic,Fighting,68,125,65,65,115,80,4,False,454
475,Psychic,Fighting,68,165,95,65,115,110,4,False,554
476,Rock,Steel,60,55,145,75,150,40,4,False,469
477,Ghost,,45,100,135,65,135,45,4,False,484
478,Ice,Ghost,70,80,70,80,70,110,4,False,414
479,Electric,Ghost,50,50,77,95,77,91,4,False,394
479,Electric,Fire,50,65,107,105,107,86,4,False,474
479,Electric,Water,50,65,107,105,107,86,4,False,474
479,Electric,Ice,50,65,107,105,107,86,4,False,474
479,Electric,Flying,50,65,107,105,107,86,4,False,474
479,Electric,Grass,50,65,107,105,107,86,4,False,474
480,Psychic,,75,75,130,75,130,95,4,True,509
481,Psychic,,80,105,105,105,105,80,4,True,504
482,Psychic,,75,125,70,125,70,115,4,True,509
483,Steel,Dragon,100,120,120,150,100,90,4,True,584
484,Water,Dragon,90,120,100,150,120,100,4,True,594
485,Fire,Steel,91,90,106,130,106,77,4,True,513
486,Normal,,110,160,110,80,110,100,4,True,564
487,Ghost,Dragon,150,100,120,100,120,90,4,True,534
487,Ghost,Dragon,150,120,100,120,100,90,4,True,534
488,Psychic,,120,70,120,75,130,85,4,False,484
489,Water,,80,80,80,80,80,80,4,False,404
490,Water,,100,100,100,100,100,100,4,False,504
491,Dark,,70,90,90,135,90,125,4,True,534
492,Grass,,100,100,100,100,100,100,4,True,504
492,Grass,Flying,100,103,75,120,75,127,4,True,504
493,Normal,,120,120,120,120,120,120,4,True,604
494,Psychic,Fire,100,100,100,100,100,100,5,True,505
495,Grass,,45,45,55,45,55,63,5,False,268
496,Grass,,60,60,75,60,75,83,5,False,358
497,Grass,,75,75,95,75,95,113,5,False,458
498,Fire,,65,63,45,45,45,45,5,False,248
499,Fire,Fighting,90,93,55,70,55,55,5,False,333
500,Fire,Fighting,110,123,65,100,65,65,5,False,423
501,Water,,55,55,45,63,45,45,5,False,258
502,Water,,75,75,60,83,60,60,5,False,343
503,Water,,95,100,85,108,70,70,5,False,438
504,Normal,,45,55,39,35,39,42,5,False,215
505,Normal,,60,85,69,60,69,77,5,False,365
506,Normal,,45,60,45,25,45,55,5,False,235
507,Normal,,65,80,65,35,65,60,5,False,310
508,Normal,,85,110,90,45,90,80,5,False,420
509,Dark,,41,50,37,50,37,66,5,False,245
510,Dark,,64,88,50,88,50,106,5,False,387
511,Grass,,50,53,48,53,48,64,5,False,271
512,Grass,,75,98,63,98,63,101,5,False,428
513,Fire,,50,53,48,53,48,64,5,False,271
514,Fire,,75,98,63,98,63,101,5,False,428
515,Water,,50,53,48,53,48,64,5,False,271
516,Water,,75,98,63,98,63,101,5,False,428
517,Psychic,,76,25,45,67,55,24,5,False,221
518,Psychic,,116,55,85,107,95,29,5,False,376
519,Normal,Flying,50,55,50,36,30,43,5,False,219
520,Normal,Flying,62,77,62,50,42,65,5,False,301
521,Normal,Flying,80,115,80,65,55,93,5,False,413
522,Electric,,45,60,32,50,32,76,5,False,255
523,Electric,,75,100,63,80,63,116,5,False,427
524,Rock,,55,75,85,25,25,15,5,False,230
525,Rock,,70,105,105,50,40,20,5,False,325
526,Rock,,85,135,130,60,80,25,5,False,435
527,Psychic,Flying,55,45,43,55,43,72,5,False,263
528,Psychic,Flying,67,57,55,77,55,114,5,False,363
529,Ground,,60,85,40,30,45,68,5,False,273
530,Ground,Steel,110,135,60,50,65,88,5,False,403
531,Normal,,103,60,86,60,86,50,5,False,347
531,Normal,Fairy,103,60,126,80,126,50,5,False,447
532,Fighting,,75,80,55,25,35,35,5,False,235
533,Fighting,,85,105,85,40,50,40,5,False,325
534,Fighting,,105,140,95,55,65,45,5,False,405
535,Water,,50,50,40,50,40,64,5,False,249
536,Water,Ground,75,65,55,65,55,69,5,False,314
537,Water,Ground,105,95,75,85,75,74,5,False,409
538,Fighting,,120,100,85,30,85,45,5,False,350
539,Fighting,,75,125,75,30,75,85,5,False,395
540,Bug,Grass,45,53,70,40,60,42,5,False,270
541,Bug,Grass,55,63,90,50,80,42,5,False,330
542,Bug,Grass,75,103,80,70,80,92,5,False,430
543,Bug,Poison,30,45,59,30,39,57,5,False,235
544,Bug,Poison,40,55,99,40,79,47,5,False,325
545,Bug,Poison,60,100,89,55,69,112,5,False,430
546,Grass,Fairy,40,27,60,37,50,66,5,False,245
547,Grass,Fairy,60,67,85,77,75,116,5,False,425
548,Grass,,45,35,50,70,50,30,5,False,240
549,Grass,,70,60,75,110,75,90,5,False,415
550,Water,,70,92,65,80,55,98,5,False,395
551,Ground,Dark,50,72,35,35,35,65,5,False,247
552,Ground,Dark,60,82,45,45,45,74,5,False,296
553,Ground,Dark,95,117,80,65,70,92,5,False,429
554,Fire,,70,90,45,15,45,50,5,False,250
555,Fire,,105,140,55,30,55,95,5,False,380
555,Fire,Psychic,105,30,105,140,105,55,5,False,440
556,Grass,,75,86,67,106,67,60,5,False,391
557,Bug,Rock,50,65,85,35,35,55,5,False,280
558,Bug,Rock,70,95,125,65,75,45,5,False,410
559,Dark,Fighting,50,75,70,35,70,48,5,False,303
560,Dark,Fighting,65,90,115,45,115,58,5,False,428
561,Psychic,Flying,72,58,80,103,80,97,5,False,423
562,Ghost,,38,30,85,55,65,30,5,False,270
563,Ghost,,58,50,145,95,105,30,5,False,430
564,Water,Rock,54,78,103,53,45,22,5,False,306
565,Water,Rock,74,108,133,83,65,32,5,False,426
566,Rock,Flying,55,112,45,74,45,70,5,False,351
567,Rock,Flying,75,140,65,112,65,110,5,False,497
568,Poison,,50,50,62,40,62,65,5,False,284
569,Poison,,80,95,82,60,82,75,5,False,399
570,Dark,,40,65,40,80,40,65,5,False,295
571,Dark,,60,105,60,120,60,105,5,False,455
572,Normal,,55,50,40,40,40,75,5,False,250
573,Normal,,75,95,60,65,60,115,5,False,400
574,Psychic,,45,30,50,55,65,45,5,False,250
575,Psychic,,60,45,70,75,85,55,5,False,335
576,Psychic,,70,55,95,95,110,65,5,False,425
577,Psychic,,45,30,40,105,50,20,5,False,250
578,Psychic,,65,40,50,125,60,30,5,False,310
579,Psychic,,110,65,75,125,85,30,5,False,385
580,Water,Flying,62,44,50,44,50,55,5,False,248
581,Water,Flying,75,87,63,87,63,98,5,False,403
582,Ice,,36,50,50,65,60,44,5,False,274
583,Ice,,51,65,65,80,75,59,5,False,349
584,Ice,,71,95,85,110,95,79,5,False,469
585,Normal,Grass,60,60,50,40,50,75,5,False,280
586,Normal,Grass,80,100,70,60,70,95,5,False,400
587,Electric,Flying,55,75,60,75,60,103,5,False,378
588,Bug,,50,75,45,40,45,60,5,False,270
589,Bug,Steel,70,135,105,60,105,20,5,False,430
590,Grass,Poison,69,55,45,55,55,15,5,False,230
591,Grass,Poison,114,85,70,85,80,30,5,False,355
592,Water,Ghost,55,40,50,65,85,40,5,False,285
593,Water,Ghost,100,60,70,85,105,60,5,False,385
594,Water,,165,75,80,40,45,65,5,False,310
595,Bug,Electric,50,47,50,57,50,65,5,False,274
596,Bug,Electric,70,77,60,97,60,108,5,False,407
597,Grass,Steel,44,50,91,24,86,10,5,False,266
598,Grass,Steel,74,94,131,54,116,20,5,False,420
599,Steel,,40,55,70,45,60,30,5,False,265
600,Steel,,60,80,95,70,85,50,5,False,385
601,Steel,,60,100,115,70,85,90,5,False,465
602,Electric,,35,55,40,45,40,60,5,False,245
603,Electric,,65,85,70,75,70,40,5,False,345
604,Electric,,85,115,80,105,80,50,5,False,435
605,Psychic,,55,55,55,85,55,30,5,False,285
606,Psychic,,75,75,75,125,95,40,5,False,415
607,Ghost,Fire,50,30,55,65,55,20,5,False,230
608,Ghost,Fire,60,40,60,95,60,55,5,False,315
609,Ghost,Fire,60,55,90,145,90,80,5,False,465
610,Dragon,,46,87,60,30,40,57,5,False,279
611,Dragon,,66,117,70,40,50,67,5,False,349
612,Dragon,,76,147,90,60,70,97,5,False,469
613,Ice,,55,70,40,60,40,40,5,False,255
614,Ice,,95,110,80,70,80,50,5,False,395
615,Ice,,70,50,30,95,135,105,5,False,420
616,Bug,,50,40,85,40,65,25,5,False,260
617,Bug,,80,70,40,100,60,145,5,False,420
618,Ground,Electric,109,66,84,81,99,32,5,False,367
619,Fighting,,45,85,50,55,50,65,5,False,310
620,Fighting,,65,125,60,95,60,105,5,False,450
621,Dragon,,77,120,90,60,90,48,5,False,413
622,Ground,Ghost,59,74,50,35,50,35,5,False,249
623,Ground,Ghost,89,124,80,55,80,55,5,False,399
624,Dark,Steel,45,85,70,40,40,60,5,False,300
625,Dark,Steel,65,125,100,60,70,70,5,False,430
626,Normal,,95,110,95,40,95,55,5,False,400
627,Normal,Flying,70,83,50,37,50,60,5,False,285
628,Normal,Flying,100,123,75,57,75,80,5,False,415
629,Dark,Flying,70,55,75,45,65,60,5,False,305
630,Dark,Flying,110,65,105,55,95,80,5,False,405
631,Fire,,85,97,66,105,66,65,5,False,404
632,Bug,Steel,58,109,112,48,48,109,5,False,431
633,Dark,Dragon,52,65,50,45,50,38,5,False,253
634,Dark,Dragon,72,85,70,65,70,58,5,False,353
635,Dark,Dragon,92,105,90,125,90,98,5,False,513
636,Bug,Fire,55,85,55,50,55,60,5,False,310
637,Bug,Fire,85,60,65,135,105,100,5,False,470
638,Steel,Fighting,91,90,129,90,72,108,5,True,494
639,Rock,Fighting,91,129,90,72,90,108,5,True,494
640,Grass,Fighting,91,90,72,90,129,108,5,True,494
641,Flying,,79,115,70,125,80,111,5,True,506
641,Flying,,79,100,80,110,90,121,5,True,506
642,Electric,Flying,79,115,70,125,80,111,5,True,506
642,Electric,Flying,79,105,70,145,80,101,5,True,506
643,Dragon,Fire,100,120,100,150,120,90,5,True,585
644,Dragon,Electric,100,150,120,120,100,90,5,True,585
645,Ground,Flying,89,125,90,115,80,101,5,True,516
645,Ground,Flying,89,145,90,105,80,91,5,True,516
646,Dragon,Ice,125,130,90,130,90,95,5,True,540
646,Dragon,Ice,125,170,100,120,90,95,5,True,580
646,Dragon,Ice,125,120,90,170,100,95,5,True,580
647,Water,Fighting,91,72,90,129,90,108,5,False,494
647,Water,Fighting,91,72,90,129,90,108,5,False,494
648,Normal,Psychic,100,77,77,128,128,90,5,False,505
648,Normal,Fighting,100,128,90,77,77,128,5,False,505
649,Bug,Steel,71,120,95,120,95,99,5,False,534
650,Grass,,56,61,65,48,45,38,6,False,263
651,Grass,,61,78,95,56,58,57,6,False,350
652,Grass,Fighting,88,107,122,74,75,64,6,False,448
653,Fire,,40,45,40,62,60,60,6,False,273
654,Fire,,59,59,58,90,70,73,6,False,356
655,Fire,Psychic,75,69,72,114,100,104,6,False,465
656,Water,,41,56,40,62,44,71,6,False,279
657,Water,,54,63,52,83,56,97,6,False,357
658,Water,Dark,72,95,67,103,71,122,6,False,464
659,Normal,,38,36,38,32,36,57,6,False,205
660,Normal,Ground,85,56,77,50,77,78,6,False,344
661,Normal,Flying,45,50,43,40,38,62,6,False,239
662,Fire,Flying,62,73,55,56,52,84,6,False,326
663,Fire,Flying,78,81,71,74,69,126,6,False,427
664,Bug,,38,35,40,27,25,35,6,False,168
665,Bug,,45,22,60,27,30,29,6,False,174
666,Bug,Flying,80,52,50,90,50,89,6,False,337
667,Fire,Normal,62,50,58,73,54,72,6,False,313
668,Fire,Normal,86,68,72,109,66,106,6,False,427
669,Fairy,,44,38,39,61,79,42,6,False,265
670,Fairy,,54,45,47,75,98,52,6,False,323
671,Fairy,,78,65,68,112,154,75,6,False,480
672,Grass,,66,65,48,62,57,52,6,False,290
673,Grass,,123,100,62,97,81,68,6,False,414
674,Fighting,,67,82,62,46,48,43,6,False,287
675,Fighting,Dark,95,124,78,69,71,58,6,False,406
676,Normal,,75,80,60,65,90,102,6,False,403
677,Psychic,,62,48,54,63,60,68,6,False,299
678,Psychic,,74,48,76,83,81,104,6,False,398
678,Psychic,,74,48,76,83,81,104,6,False,398
679,Steel,Ghost,45,80,100,35,37,28,6,False,286
680,Steel,Ghost,59,110,150,45,49,35,6,False,395
681,Steel,Ghost,60,150,50,150,50,60,6,False,466
681,Steel,Ghost,60,50,150,50,150,60,6,False,466
682,Fairy,,78,52,60,63,65,23,6,False,269
683,Fairy,,101,72,72,99,89,29,6,False,367
684,Fairy,,62,48,66,59,57,49,6,False,285
685,Fairy,,82,80,86,85,75,72,6,False,404
686,Dark,Psychic,53,54,53,37,46,45,6,False,241
687,Dark,Psychic,86,92,88,68,75,73,6,False,402
688,Rock,Water,42,52,67,39,56,50,6,False,270
689,Rock,Water,72,105,115,54,86,68,6,False,434
690,Poison,Water,50,60,60,60,60,30,6,False,276
691,Poison,Dragon,65,75,90,97,123,44,6,False,435
692,Water,,50,53,62,58,63,44,6,False,286
693,Water,,71,73,88,120,89,59,6,False,435
694,Electric,Normal,44,38,33,61,43,70,6,False,251
695,Electric,Normal,62,55,52,109,94,109,6,False,425
696,Rock,Dragon,58,89,77,45,45,48,6,False,310
697,Rock,Dragon,82,121,119,69,59,71,6,False,445
698,Rock,Ice,77,59,50,67,63,46,6,False,291
699,Rock,Ice,123,77,72,99,92,58,6,False,404
700,Fairy,,95,65,65,110,130,60,6,False,436
701,Fighting,Flying,78,92,75,74,63,118,6,False,428
702,Electric,Fairy,67,58,57,81,67,101,6,False,370
703,Rock,Fairy,50,50,150,50,150,50,6,False,456
704,Dragon,,45,50,35,55,75,40,6,False,261
705,Dragon,,68,75,53,83,113,60,6,False,390
706,Dragon,,90,100,70,110,150,80,6,False,516
707,Steel,Fairy,57,80,91,80,87,75,6,False,419
708,Ghost,Grass,43,70,48,50,60,38,6,False,272
709,Ghost,Grass,85,110,76,65,82,56,6,False,395
710,Ghost,Grass,49,66,70,44,55,51,6,False,292
710,Ghost,Grass,44,66,70,44,55,56,6,False,297
710,Ghost,Grass,54,66,70,44,55,46,6,False,287
710,Ghost,Grass,59,66,70,44,55,41,6,False,282
711,Ghost,Grass,65,90,122,58,75,84,6,False,435
711,Ghost,Grass,55,85,122,58,75,99,6,False,445
711,Ghost,Grass,75,95,122,58,75,69,6,False,425
711,Ghost,Grass,85,100,122,58,75,54,6,False,415
712,Ice,,55,69,85,32,35,28,6,False,255
713,Ice,,95,117,184,44,46,28,6,False,425
714,Flying,Dragon,40,30,35,45,40,55,6,False,211
715,Flying,Dragon,85,70,80,97,80,123,6,False,456
716,Fairy,,126,131,95,131,98,99,6,True,560
717,Dark,Flying,126,131,95,131,98,99,6,True,560
718,Dragon,Ground,108,100,121,81,95,95,6,True,498
719,Rock,Fairy,50,100,150,100,150,50,6,True,556
719,Rock,Fairy,50,160,110,160,110,110,6,True,656
720,Psychic,Ghost,80,110,60,150,130,70,6,True,526
720,Psychic,Dark,80,160,60,170,130,80,6,True,606
721,Fire,Water,80,110,120,130,90,70,6,True,526
